Filename,y_true,y_pred,p0,p1,p2,p3,p4,p5,p6,p7,p8
20170126-100451-0.jpg,1,8,3.409521e-05,0.40696412,6.8320432e-08,3.0728104e-06,1.3430366e-06,6.2343039e-05,1.5031276e-06,1.8660672e-06,0.59293157
20170130-102736-0.jpg,1,8,0.0024664707,0.33845171,1.0862827e-06,5.3181243e-06,5.2267745e-07,0.00030827709,1.2265517e-06,2.0169957e-05,0.65874523
20170207-153439-0.jpg,0,7,0.23446548,1.4306698e-06,1.3514496e-06,1.3939852e-07,1.8768762e-06,6.1751615e-07,1.6770026e-07,0.76549149,3.7386544e-05
20170207-153455-0.jpg,0,7,0.070603207,0.0001900505,2.0657974e-06,3.1688774e-07,4.233164e-06,9.0885396e-07,2.0278053e-06,0.92918646,1.07451e-05
20170207-154046-0.jpg,0,8,0.15774067,0.00019831858,8.4147496e-06,9.5205842e-06,2.3865379e-05,0.0012140913,4.6141638e-05,0.17933276,0.66142625
20170210-141430-0.jpg,7,1,0.020372508,0.67519802,0.00080433342,3.7769641e-05,0.0014083893,0.00021558227,0.00010236118,0.059471577,0.24238944
20170405-160310-0.jpg,8,0,0.99974728,2.3068523e-08,3.9255062e-07,1.7588687e-07,1.6373772e-06,0.00017409323,8.0455486e-08,7.2169998e-05,4.2078486e-06
20170410-124336-0.jpg,0,7,0.13225904,3.4057255e-06,2.475492e-06,4.7733752e-06,3.0133751e-06,1.7255323e-06,3.5560902e-07,0.86506253,0.002662786
20170521-153419-0.jpg,1,7,1.8854194e-05,0.0017968242,2.2921274e-06,3.4067622e-07,4.1164898e-07,3.9126598e-07,9.402218e-06,0.99816799,3.4785157e-06
20170521-153505-0.jpg,1,7,0.00072949223,0.078366898,3.9584953e-05,1.6308649e-06,2.272605e-05,1.0510045e-05,3.8265349e-05,0.92073089,6.0022314e-05
20170627-105314-0.jpg,0,3,0.13400689,7.5014805e-06,0.0002685471,0.75071597,7.6195291e-05,4.0075824e-06,2.0627785e-05,0.011184543,0.10371572
20170630-153511-0.jpg,8,7,0.00033830444,0.028377289,3.0989806e-06,6.1903361e-06,1.8679065e-06,1.0160789e-05,2.2879578e-05,0.94388211,0.027358159
20170630-155129-0.jpg,7,8,0.00092850346,0.00030680504,0.0021874474,8.7388315e-07,1.2732024e-05,1.2392406e-05,0.00015255641,0.0054172748,0.9909814
20170704-153719-0.jpg,0,8,0.28904042,0.011167851,2.0654994e-05,0.035269797,1.5380027e-05,0.00051352911,0.0053062881,0.099551879,0.55911416
20170704-153838-0.jpg,7,6,0.0016014595,0.0010234242,1.0564107e-05,7.9657904e-05,5.0041276e-06,6.2552713e-06,0.92560309,0.054751601,0.016918894
20170705-162506-0.jpg,7,0,0.90606862,9.9753686e-07,8.4598622e-07,3.6695642e-06,4.7605587e-05,2.8573711e-06,5.5119483e-07,0.093196586,0.00067834737
20170705-162907-0.jpg,0,7,0.27952442,2.2528606e-05,0.00033182395,0.010376814,2.7545811e-06,0.0001236371,8.2836639e-05,0.45672902,0.25280604
20170706-113305-0.jpg,7,8,1.3792659e-05,1.454202e-05,2.0472833e-06,0.00036709729,8.5277643e-06,3.6808547e-07,4.8160032e-06,0.15407632,0.84551251
20170707-111904-0.jpg,0,7,0.00041528067,8.2497917e-07,1.7454603e-07,0.0020353564,2.9067436e-05,9.1796842e-08,8.1281189e-07,0.98734397,0.010174334
20170711-120643-0.jpg,0,8,0.22060107,9.3245438e-07,1.7302081e-06,5.533424e-06,3.7298658e-05,3.2476408e-05,1.122481e-06,1.2423169e-05,0.77930743
20170714-110825-1.jpg,1,8,0.0059797,0.11979902,8.1643529e-06,8.7955941e-06,1.7168424e-05,2.1928045e-06,0.037810374,0.0019473037,0.8344273
20170718-101135-2.jpg,0,7,0.23328869,0.00010338076,3.3256417e-06,8.1491007e-06,1.0905626e-05,1.2415209e-06,5.4744049e-07,0.64982903,0.11675473
20170718-101439-2.jpg,0,7,0.43317303,0.0093062054,2.3278135e-06,2.9498595e-05,2.3152681e-05,2.4660446e-07,4.6043365e-07,0.55595344,0.0015116088
20170718-133537-2.jpg,0,8,0.00027309975,0.00013887885,2.9083772e-06,0.0001154096,1.1100396e-05,1.7038725e-06,0.00010727706,1.012392e-05,0.99933952
20170727-111533-3.jpg,4,2,3.0561612e-05,1.7709003e-07,0.9908061,0.00012428527,0.003025935,1.247437e-05,1.9785048e-06,5.7441316e-06,0.0059926519
20170727-152712-1.jpg,8,4,4.0427865e-05,8.9728576e-07,3.3059085e-05,3.982107e-06,0.98850721,2.9702769e-06,1.8090799e-06,1.3450885e-05,0.011396278
20170728-152111-3.jpg,8,4,0.0026164616,0.00023507791,1.2326811e-05,2.3020431e-05,0.54733765,0.00035437377,6.9922848e-05,0.00016865798,0.44918251
20170728-152608-1.jpg,8,4,2.2706687e-05,2.073926e-07,0.00045710398,8.1178274e-05,0.97423804,6.7644514e-06,1.1369268e-06,9.2519331e-06,0.025183652
20170728-152828-1.jpg,8,4,2.5135216e-06,7.1798148e-08,0.29817924,5.0430517e-05,0.69019085,2.5110751e-06,1.1834294e-06,4.5633151e-06,0.011568732
20170728-152926-3.jpg,8,4,8.9309015e-06,2.829154e-06,8.2535792e-07,3.1707314e-06,0.98012477,3.0019949e-06,7.2507606e-07,1.6518821e-06,0.019854076
20170728-153202-3.jpg,8,4,2.2796756e-05,7.4905679e-06,3.4310408e-06,3.1267439e-06,0.84004414,1.3565092e-05,5.4026036e-06,1.8136641e-05,0.15988193
20170728-153235-3.jpg,8,4,0.00037396539,0.00013657501,4.1425546e-06,0.00011525392,0.69236082,4.5763383e-05,3.0081272e-05,0.00021814216,0.30671531
20170729-091822-2.jpg,8,4,9.8281334e-06,3.743116e-08,1.338481e-07,1.4298021e-06,0.99902058,1.9076184e-08,1.3619814e-08,2.0169594e-07,0.00096773694
20170804-132513-1.jpg,1,8,0.029498775,0.13459773,1.6655266e-06,4.6484347e-06,6.2078734e-06,9.551979e-05,0.032985836,0.00062808534,0.80218154
20170811-133725-1.jpg,0,7,0.013489452,1.2446789e-05,3.0115132e-07,8.5253572e-07,5.2508443e-07,1.9866665e-07,1.4875751e-05,0.97941297,0.007068485
20170811-163711-1.jpg,0,8,0.26014808,7.3411589e-05,2.5480438e-06,4.1121943e-06,3.1876742e-05,0.00026266699,0.00011853925,0.19179745,0.54756135
20170906-104054-1.jpg,3,4,0.027516341,1.898886e-05,4.6850229e-05,0.46443138,0.46827847,6.0592793e-06,9.7955456e-07,0.0014448696,0.038256016
20170906-132157-1.jpg,3,2,5.8435198e-06,3.9735528e-06,0.70028716,0.27893203,0.0042898702,6.7582499e-07,1.482316e-05,2.8577375e-05,0.016437048
20170920-131101-2.jpg,2,8,0.001921551,5.1066636e-06,0.11374351,9.8335593e-05,0.23376127,5.1969419e-05,3.7512534e-06,3.4089015e-05,0.65038043
20170920-134648-2.jpg,2,4,2.194678e-05,1.0794681e-06,0.054656476,0.054785289,0.75225419,4.912908e-06,7.2872681e-05,0.0001718499,0.13803142
20171025-075230-2.jpg,3,0,0.96944255,1.0407353e-05,1.718585e-07,0.029471567,5.9287718e-06,2.7801204e-06,3.1844803e-07,0.00014861386,0.00091768563
20171102-093339-2.jpg,4,3,0.0013125803,0.00010763991,2.5162113e-05,0.67329973,0.26290169,1.3531167e-05,4.4236404e-07,8.7714128e-05,0.062251486
20171102-093459-1.jpg,4,2,4.9212559e-07,7.4114496e-07,0.88933814,0.00094703463,0.022896057,1.8151393e-07,9.5321542e-07,2.5326619e-06,0.086813822
20171102-095632-3.jpg,4,8,0.00021850066,3.7193543e-06,1.5232178e-05,1.507212e-05,0.0055022757,1.1709449e-06,1.4143906e-06,5.0257199e-06,0.99423772
20171102-100322-1.jpg,8,4,1.3340448e-05,5.3540047e-05,2.4419413e-05,0.008801369,0.9713546,2.7681304e-07,2.1200837e-07,5.6355766e-05,0.019696018
20171102-100343-2.jpg,8,4,1.4901924e-05,1.7616162e-07,1.4302229e-07,3.7635964e-06,0.89098942,5.9319714e-08,1.4171163e-08,5.7689363e-08,0.10899144
20171102-103146-2.jpg,2,8,0.0030790959,2.6135276e-06,0.19694996,0.00069061358,0.015899708,6.1032692e-06,5.6529861e-06,0.00053269294,0.78283352
20171102-123002-2.jpg,2,8,0.462917,0.0024194908,0.0017079728,1.6930519e-05,0.0039371601,0.00031531739,5.3723419e-05,0.00030578426,0.52832663
20171113-060629-1.jpg,5,8,1.0528734e-05,8.392707e-09,1.0504212e-09,2.8914121e-06,5.5529963e-08,0.0015885072,1.1435454e-06,1.0617583e-06,0.99839586
20171113-101436-1.jpg,5,8,2.1512562e-05,2.623299e-05,5.6562584e-08,3.4415134e-05,1.0028187e-06,0.44357291,0.00047558732,0.00011474709,0.55575353
20171113-101506-1.jpg,5,8,0.0014719579,6.9102607e-05,2.0478338e-07,0.00013720094,3.0063899e-07,0.011471102,9.4429888e-06,0.00012927575,0.9867115
20171113-101809-1.jpg,5,8,0.0051013515,8.245308e-06,2.2254574e-07,0.00011479051,6.8547401e-06,0.4076483,2.5375659e-05,0.00014893185,0.58694601
20171113-135825-1.jpg,6,8,0.0064794393,0.083909415,6.8548587e-07,2.5993839e-05,4.1938583e-07,0.00060577376,0.22830863,0.00023077887,0.68043888
20171217-183729-2.jpg,8,4,5.1551593e-05,8.3189298e-06,5.8303708e-06,1.4814065e-05,0.80456418,2.3238373e-07,1.244041e-08,8.3519571e-06,0.19534667
20171220-092008-2.jpg,8,7,0.018026367,0.007314682,0.00016881626,1.1381885e-05,2.4831874e-05,0.054273631,0.002790815,0.85022795,0.067161508
20180105-092555-2.jpg,8,6,0.0019618396,0.00059281633,2.7255985e-06,4.7800346e-05,2.1228398e-05,6.5020336e-06,0.73313898,0.0033763174,0.2608518
20180109-070954-2.jpg,8,6,3.4060922e-06,0.00097184948,5.0649038e-07,1.2057761e-07,5.2249666e-06,1.0014246e-07,0.99858886,3.5979608e-07,0.00042956835
20180109-071546-1.jpg,8,6,5.3640301e-06,1.0168548e-06,2.9796352e-08,2.0171549e-07,8.2159494e-07,6.2530453e-06,0.92826074,1.1089584e-05,0.071714513
20180109-075356-2.jpg,8,6,5.5894605e-05,0.092706136,5.4205748e-06,3.835738e-06,1.9224913e-06,7.1765239e-06,0.84708053,0.0025241859,0.057614911
20180109-075655-2.jpg,8,6,1.0435179e-05,0.00049308187,7.8278281e-06,1.0169545e-05,3.3157719e-06,4.0810093e-07,0.91482449,8.4470652e-05,0.084565803
20180109-085325-2.jpg,8,7,0.00030624392,0.0031814575,9.9208125e-07,0.00030869967,7.1150401e-07,6.7894899e-07,2.548926e-06,0.77325863,0.22294016
20180109-085343-2.jpg,8,7,0.00036218888,0.052030135,2.513279e-06,0.013801842,6.2225699e-05,7.3104661e-06,0.00092113065,0.85946459,0.07334812
20180109-094515-2.jpg,7,0,0.55834502,4.7881241e-07,7.8890463e-07,1.1407882e-06,1.4406795e-05,1.7516641e-05,3.5944501e-07,0.095513642,0.34610659
20180112-070805-2.jpg,8,4,5.4261192e-05,2.2039403e-05,0.0003217273,1.4298435e-06,0.86212826,3.1645218e-06,2.1668027e-06,0.00022014246,0.13724677
20180112-071008-2.jpg,8,4,1.885321e-06,2.0622615e-06,0.00081048982,1.8317144e-06,0.90098423,2.1552039e-06,2.8114598e-06,1.6921648e-06,0.098192953
20180112-092211-2.jpg,8,0,0.70745432,5.1591451e-07,1.1604352e-05,4.7442424e-07,4.6444038e-05,1.8009983e-06,1.2069124e-07,1.7979861e-05,0.29246679
20180125-135026-3.jpg,8,7,2.6241851e-06,3.092804e-05,3.1171663e-07,3.4911911e-05,8.2457154e-07,1.6323003e-07,0.00016531839,0.72170955,0.2780554
